{"safety_technology": {"N/A": 1, "1": 1.024387673041454, "3": 0.9521885844290856, "2": 0.939405207109054, "5": 1.025162849179866, "4": 0.9832438099641706, "6": 1.067578374007006}, "simulator_weather_score": {"1": 0.513511584410343, "3": 0.5915293408079831, "2": 0.6045402238622438, "4": 0.3425771634664234}, "driver_route_region": {"1": {"1": 0.9051441671613214, "3": 1.0999661956702946, "2": 1.1109388333754895, "4": 1.1104805997771663}, "3": {"1": 1.1001882383095412, "3": 0.9047928670588972, "2": 1.0859915092155021, "4": 1.114248101863687}, "2": {"1": 1.099244690483004, "3": 1.1095342331115534, "2": 0.9249552302768899, "4": 1.0860166010040393}, "4": {"1": 1.0675381468379064, "3": 1.0973381724046136, "2": 1.1302227437513603, "4": 0.9432364023653068}}, "route_weather": {"1": 0.915553024795973, "3": 0.8850835203966295, "2": 1.0588223820643279, "4": 1.1490133258522672}}